id_atto;file_name;pdf_path_locale;pdf_link;txt_path_locale;txt_link;testo_llm_path_locale;testo_llm_link;ocr;errore_tecnico;fallback_locale;modello;input_tokens;output_tokens;total_tokens;costo_input;costo_output;costo_totale;avg_input_tokens_per_chunk;avg_output_tokens_per_chunk;avg_total_tokens_per_chunk;num_chunk_llm;timestamp
0002;atto_2 .pdf;C:\Users\Ciro\Documents\Tirocinio\Output\Golden\Golden128\stime_effetto_singoli_componenti_40\Input_stime_effetto_40\atto_2 .pdf;file:///C:/Users/Ciro/Documents/Tirocinio/Output/Golden/Golden128/stime_effetto_singoli_componenti_40/Input_stime_effetto_40/atto_2%20.pdf;C:\Users\Ciro\Documents\Tirocinio\Output\Golden\Golden128\estrai_atti_STIME_var_limiti_B\txt_opendataloader_ocr\atto_2 _rapidocr.txt;file:///C:/Users/Ciro/Documents/Tirocinio/Output/Golden/Golden128/estrai_atti_STIME_var_limiti_B/txt_opendataloader_ocr/atto_2%20_rapidocr.txt;C:\Users\Ciro\Documents\Tirocinio\Output\Golden\Golden128\estrai_atti_STIME_var_limiti_B\testi_completi_llm\0002_atto_2__testo_completo_llm.txt;file:///C:/Users/Ciro/Documents/Tirocinio/Output/Golden/Golden128/estrai_atti_STIME_var_limiti_B/testi_completi_llm/0002_atto_2__testo_completo_llm.txt;1;;0;gemma3:4b;576;172;748;0.0;0.0;0.0;576.0;172.0;748.0;1;2026-06-14 18:31:59
0004;atto_4.pdf;C:\Users\Ciro\Documents\Tirocinio\Output\Golden\Golden128\stime_effetto_singoli_componenti_40\Input_stime_effetto_40\atto_4.pdf;file:///C:/Users/Ciro/Documents/Tirocinio/Output/Golden/Golden128/stime_effetto_singoli_componenti_40/Input_stime_effetto_40/atto_4.pdf;C:\Users\Ciro\Documents\Tirocinio\Output\Golden\Golden128\estrai_atti_STIME_var_limiti_B\txt_opendataloader\atto_4_head_7_tail_7_pagine.txt;file:///C:/Users/Ciro/Documents/Tirocinio/Output/Golden/Golden128/estrai_atti_STIME_var_limiti_B/txt_opendataloader/atto_4_head_7_tail_7_pagine.txt;C:\Users\Ciro\Documents\Tirocinio\Output\Golden\Golden128\estrai_atti_STIME_var_limiti_B\testi_completi_llm\0004_atto_4_testo_completo_llm.txt;file:///C:/Users/Ciro/Documents/Tirocinio/Output/Golden/Golden128/estrai_atti_STIME_var_limiti_B/testi_completi_llm/0004_atto_4_testo_completo_llm.txt;0;;0;gemma3:4b;632;180;812;0.0;0.0;0.0;632.0;180.0;812.0;1;2026-06-14 18:32:22
0009;atto_9.pdf;C:\Users\Ciro\Documents\Tirocinio\Output\Golden\Golden128\stime_effetto_singoli_componenti_40\Input_stime_effetto_40\atto_9.pdf;file:///C:/Users/Ciro/Documents/Tirocinio/Output/Golden/Golden128/stime_effetto_singoli_componenti_40/Input_stime_effetto_40/atto_9.pdf;C:\Users\Ciro\Documents\Tirocinio\Output\Golden\Golden128\estrai_atti_STIME_var_limiti_B\txt_opendataloader\atto_9.txt;file:///C:/Users/Ciro/Documents/Tirocinio/Output/Golden/Golden128/estrai_atti_STIME_var_limiti_B/txt_opendataloader/atto_9.txt;C:\Users\Ciro\Documents\Tirocinio\Output\Golden\Golden128\estrai_atti_STIME_var_limiti_B\testi_completi_llm\0009_atto_9_testo_completo_llm.txt;file:///C:/Users/Ciro/Documents/Tirocinio/Output/Golden/Golden128/estrai_atti_STIME_var_limiti_B/testi_completi_llm/0009_atto_9_testo_completo_llm.txt;0;;0;gemma3:4b;560;120;680;0.0;0.0;0.0;560.0;120.0;680.0;1;2026-06-14 18:32:37
0016;atto_16.pdf;C:\Users\Ciro\Documents\Tirocinio\Output\Golden\Golden128\stime_effetto_singoli_componenti_40\Input_stime_effetto_40\atto_16.pdf;file:///C:/Users/Ciro/Documents/Tirocinio/Output/Golden/Golden128/stime_effetto_singoli_componenti_40/Input_stime_effetto_40/atto_16.pdf;C:\Users\Ciro\Documents\Tirocinio\Output\Golden\Golden128\estrai_atti_STIME_var_limiti_B\txt_opendataloader\atto_16.txt;file:///C:/Users/Ciro/Documents/Tirocinio/Output/Golden/Golden128/estrai_atti_STIME_var_limiti_B/txt_opendataloader/atto_16.txt;C:\Users\Ciro\Documents\Tirocinio\Output\Golden\Golden128\estrai_atti_STIME_var_limiti_B\testi_completi_llm\0016_atto_16_testo_completo_llm.txt;file:///C:/Users/Ciro/Documents/Tirocinio/Output/Golden/Golden128/estrai_atti_STIME_var_limiti_B/testi_completi_llm/0016_atto_16_testo_completo_llm.txt;0;;0;gemma3:4b;586;166;752;0.0;0.0;0.0;586.0;166.0;752.0;1;2026-06-14 18:32:57
0017;atto_17.pdf;C:\Users\Ciro\Documents\Tirocinio\Output\Golden\Golden128\stime_effetto_singoli_componenti_40\Input_stime_effetto_40\atto_17.pdf;file:///C:/Users/Ciro/Documents/Tirocinio/Output/Golden/Golden128/stime_effetto_singoli_componenti_40/Input_stime_effetto_40/atto_17.pdf;C:\Users\Ciro\Documents\Tirocinio\Output\Golden\Golden128\estrai_atti_STIME_var_limiti_B\txt_opendataloader\atto_17.txt;file:///C:/Users/Ciro/Documents/Tirocinio/Output/Golden/Golden128/estrai_atti_STIME_var_limiti_B/txt_opendataloader/atto_17.txt;C:\Users\Ciro\Documents\Tirocinio\Output\Golden\Golden128\estrai_atti_STIME_var_limiti_B\testi_completi_llm\0017_atto_17_testo_completo_llm.txt;file:///C:/Users/Ciro/Documents/Tirocinio/Output/Golden/Golden128/estrai_atti_STIME_var_limiti_B/testi_completi_llm/0017_atto_17_testo_completo_llm.txt;0;;0;gemma3:4b;607;180;787;0.0;0.0;0.0;607.0;180.0;787.0;1;2026-06-14 18:33:20
0020;atto_20.pdf;C:\Users\Ciro\Documents\Tirocinio\Output\Golden\Golden128\stime_effetto_singoli_componenti_40\Input_stime_effetto_40\atto_20.pdf;file:///C:/Users/Ciro/Documents/Tirocinio/Output/Golden/Golden128/stime_effetto_singoli_componenti_40/Input_stime_effetto_40/atto_20.pdf;C:\Users\Ciro\Documents\Tirocinio\Output\Golden\Golden128\estrai_atti_STIME_var_limiti_B\txt_opendataloader\atto_20.txt;file:///C:/Users/Ciro/Documents/Tirocinio/Output/Golden/Golden128/estrai_atti_STIME_var_limiti_B/txt_opendataloader/atto_20.txt;C:\Users\Ciro\Documents\Tirocinio\Output\Golden\Golden128\estrai_atti_STIME_var_limiti_B\testi_completi_llm\0020_atto_20_testo_completo_llm.txt;file:///C:/Users/Ciro/Documents/Tirocinio/Output/Golden/Golden128/estrai_atti_STIME_var_limiti_B/testi_completi_llm/0020_atto_20_testo_completo_llm.txt;0;;0;gemma3:4b;633;180;813;0.0;0.0;0.0;633.0;180.0;813.0;1;2026-06-14 18:33:43
0030;atto_30.pdf;C:\Users\Ciro\Documents\Tirocinio\Output\Golden\Golden128\stime_effetto_singoli_componenti_40\Input_stime_effetto_40\atto_30.pdf;file:///C:/Users/Ciro/Documents/Tirocinio/Output/Golden/Golden128/stime_effetto_singoli_componenti_40/Input_stime_effetto_40/atto_30.pdf;C:\Users\Ciro\Documents\Tirocinio\Output\Golden\Golden128\estrai_atti_STIME_var_limiti_B\txt_opendataloader\atto_30.txt;file:///C:/Users/Ciro/Documents/Tirocinio/Output/Golden/Golden128/estrai_atti_STIME_var_limiti_B/txt_opendataloader/atto_30.txt;C:\Users\Ciro\Documents\Tirocinio\Output\Golden\Golden128\estrai_atti_STIME_var_limiti_B\testi_completi_llm\0030_atto_30_testo_completo_llm.txt;file:///C:/Users/Ciro/Documents/Tirocinio/Output/Golden/Golden128/estrai_atti_STIME_var_limiti_B/testi_completi_llm/0030_atto_30_testo_completo_llm.txt;0;;0;gemma3:4b;610;180;790;0.0;0.0;0.0;610.0;180.0;790.0;1;2026-06-14 18:34:06
0031;atto_31.pdf;C:\Users\Ciro\Documents\Tirocinio\Output\Golden\Golden128\stime_effetto_singoli_componenti_40\Input_stime_effetto_40\atto_31.pdf;file:///C:/Users/Ciro/Documents/Tirocinio/Output/Golden/Golden128/stime_effetto_singoli_componenti_40/Input_stime_effetto_40/atto_31.pdf;C:\Users\Ciro\Documents\Tirocinio\Output\Golden\Golden128\estrai_atti_STIME_var_limiti_B\txt_opendataloader\atto_31.txt;file:///C:/Users/Ciro/Documents/Tirocinio/Output/Golden/Golden128/estrai_atti_STIME_var_limiti_B/txt_opendataloader/atto_31.txt;C:\Users\Ciro\Documents\Tirocinio\Output\Golden\Golden128\estrai_atti_STIME_var_limiti_B\testi_completi_llm\0031_atto_31_testo_completo_llm.txt;file:///C:/Users/Ciro/Documents/Tirocinio/Output/Golden/Golden128/estrai_atti_STIME_var_limiti_B/testi_completi_llm/0031_atto_31_testo_completo_llm.txt;0;;0;gemma3:4b;623;180;803;0.0;0.0;0.0;623.0;180.0;803.0;1;2026-06-14 18:34:28
0037;atto_37.pdf;C:\Users\Ciro\Documents\Tirocinio\Output\Golden\Golden128\stime_effetto_singoli_componenti_40\Input_stime_effetto_40\atto_37.pdf;file:///C:/Users/Ciro/Documents/Tirocinio/Output/Golden/Golden128/stime_effetto_singoli_componenti_40/Input_stime_effetto_40/atto_37.pdf;C:\Users\Ciro\Documents\Tirocinio\Output\Golden\Golden128\estrai_atti_STIME_var_limiti_B\txt_opendataloader_ocr\atto_37_head_7_tail_7_pagine_rapidocr.txt;file:///C:/Users/Ciro/Documents/Tirocinio/Output/Golden/Golden128/estrai_atti_STIME_var_limiti_B/txt_opendataloader_ocr/atto_37_head_7_tail_7_pagine_rapidocr.txt;C:\Users\Ciro\Documents\Tirocinio\Output\Golden\Golden128\estrai_atti_STIME_var_limiti_B\testi_completi_llm\0037_atto_37_testo_completo_llm.txt;file:///C:/Users/Ciro/Documents/Tirocinio/Output/Golden/Golden128/estrai_atti_STIME_var_limiti_B/testi_completi_llm/0037_atto_37_testo_completo_llm.txt;1;;0;gemma3:4b;653;180;833;0.0;0.0;0.0;653.0;180.0;833.0;1;2026-06-14 18:35:49
0038;atto_38.pdf;C:\Users\Ciro\Documents\Tirocinio\Output\Golden\Golden128\stime_effetto_singoli_componenti_40\Input_stime_effetto_40\atto_38.pdf;file:///C:/Users/Ciro/Documents/Tirocinio/Output/Golden/Golden128/stime_effetto_singoli_componenti_40/Input_stime_effetto_40/atto_38.pdf;C:\Users\Ciro\Documents\Tirocinio\Output\Golden\Golden128\estrai_atti_STIME_var_limiti_B\txt_opendataloader\atto_38.txt;file:///C:/Users/Ciro/Documents/Tirocinio/Output/Golden/Golden128/estrai_atti_STIME_var_limiti_B/txt_opendataloader/atto_38.txt;C:\Users\Ciro\Documents\Tirocinio\Output\Golden\Golden128\estrai_atti_STIME_var_limiti_B\testi_completi_llm\0038_atto_38_testo_completo_llm.txt;file:///C:/Users/Ciro/Documents/Tirocinio/Output/Golden/Golden128/estrai_atti_STIME_var_limiti_B/testi_completi_llm/0038_atto_38_testo_completo_llm.txt;0;;0;gemma3:4b;598;173;771;0.0;0.0;0.0;598.0;173.0;771.0;1;2026-06-14 18:36:10
0040;atto_40.pdf;C:\Users\Ciro\Documents\Tirocinio\Output\Golden\Golden128\stime_effetto_singoli_componenti_40\Input_stime_effetto_40\atto_40.pdf;file:///C:/Users/Ciro/Documents/Tirocinio/Output/Golden/Golden128/stime_effetto_singoli_componenti_40/Input_stime_effetto_40/atto_40.pdf;C:\Users\Ciro\Documents\Tirocinio\Output\Golden\Golden128\estrai_atti_STIME_var_limiti_B\txt_opendataloader_ocr\atto_40_rapidocr.txt;file:///C:/Users/Ciro/Documents/Tirocinio/Output/Golden/Golden128/estrai_atti_STIME_var_limiti_B/txt_opendataloader_ocr/atto_40_rapidocr.txt;C:\Users\Ciro\Documents\Tirocinio\Output\Golden\Golden128\estrai_atti_STIME_var_limiti_B\testi_completi_llm\0040_atto_40_testo_completo_llm.txt;file:///C:/Users/Ciro/Documents/Tirocinio/Output/Golden/Golden128/estrai_atti_STIME_var_limiti_B/testi_completi_llm/0040_atto_40_testo_completo_llm.txt;1;;0;gemma3:4b;632;180;812;0.0;0.0;0.0;632.0;180.0;812.0;1;2026-06-14 18:36:43
0044;atto_44.pdf;C:\Users\Ciro\Documents\Tirocinio\Output\Golden\Golden128\stime_effetto_singoli_componenti_40\Input_stime_effetto_40\atto_44.pdf;file:///C:/Users/Ciro/Documents/Tirocinio/Output/Golden/Golden128/stime_effetto_singoli_componenti_40/Input_stime_effetto_40/atto_44.pdf;C:\Users\Ciro\Documents\Tirocinio\Output\Golden\Golden128\estrai_atti_STIME_var_limiti_B\txt_opendataloader\atto_44_head_7_tail_7_pagine.txt;file:///C:/Users/Ciro/Documents/Tirocinio/Output/Golden/Golden128/estrai_atti_STIME_var_limiti_B/txt_opendataloader/atto_44_head_7_tail_7_pagine.txt;C:\Users\Ciro\Documents\Tirocinio\Output\Golden\Golden128\estrai_atti_STIME_var_limiti_B\testi_completi_llm\0044_atto_44_testo_completo_llm.txt;file:///C:/Users/Ciro/Documents/Tirocinio/Output/Golden/Golden128/estrai_atti_STIME_var_limiti_B/testi_completi_llm/0044_atto_44_testo_completo_llm.txt;0;;0;gemma3:4b;540;119;659;0.0;0.0;0.0;540.0;119.0;659.0;1;2026-06-14 18:36:59
0047;atto_47.pdf;C:\Users\Ciro\Documents\Tirocinio\Output\Golden\Golden128\stime_effetto_singoli_componenti_40\Input_stime_effetto_40\atto_47.pdf;file:///C:/Users/Ciro/Documents/Tirocinio/Output/Golden/Golden128/stime_effetto_singoli_componenti_40/Input_stime_effetto_40/atto_47.pdf;C:\Users\Ciro\Documents\Tirocinio\Output\Golden\Golden128\estrai_atti_STIME_var_limiti_B\txt_opendataloader_ocr\atto_47_head_7_tail_7_pagine_rapidocr.txt;file:///C:/Users/Ciro/Documents/Tirocinio/Output/Golden/Golden128/estrai_atti_STIME_var_limiti_B/txt_opendataloader_ocr/atto_47_head_7_tail_7_pagine_rapidocr.txt;C:\Users\Ciro\Documents\Tirocinio\Output\Golden\Golden128\estrai_atti_STIME_var_limiti_B\testi_completi_llm\0047_atto_47_testo_completo_llm.txt;file:///C:/Users/Ciro/Documents/Tirocinio/Output/Golden/Golden128/estrai_atti_STIME_var_limiti_B/testi_completi_llm/0047_atto_47_testo_completo_llm.txt;1;;0;gemma3:4b;616;172;788;0.0;0.0;0.0;616.0;172.0;788.0;1;2026-06-14 18:38:57
0048;atto_48.pdf;C:\Users\Ciro\Documents\Tirocinio\Output\Golden\Golden128\stime_effetto_singoli_componenti_40\Input_stime_effetto_40\atto_48.pdf;file:///C:/Users/Ciro/Documents/Tirocinio/Output/Golden/Golden128/stime_effetto_singoli_componenti_40/Input_stime_effetto_40/atto_48.pdf;C:\Users\Ciro\Documents\Tirocinio\Output\Golden\Golden128\estrai_atti_STIME_var_limiti_B\txt_opendataloader\atto_48.txt;file:///C:/Users/Ciro/Documents/Tirocinio/Output/Golden/Golden128/estrai_atti_STIME_var_limiti_B/txt_opendataloader/atto_48.txt;C:\Users\Ciro\Documents\Tirocinio\Output\Golden\Golden128\estrai_atti_STIME_var_limiti_B\testi_completi_llm\0048_atto_48_testo_completo_llm.txt;file:///C:/Users/Ciro/Documents/Tirocinio/Output/Golden/Golden128/estrai_atti_STIME_var_limiti_B/testi_completi_llm/0048_atto_48_testo_completo_llm.txt;0;;0;gemma3:4b;633;180;813;0.0;0.0;0.0;633.0;180.0;813.0;1;2026-06-14 18:39:24
0049;atto_49.pdf;C:\Users\Ciro\Documents\Tirocinio\Output\Golden\Golden128\stime_effetto_singoli_componenti_40\Input_stime_effetto_40\atto_49.pdf;file:///C:/Users/Ciro/Documents/Tirocinio/Output/Golden/Golden128/stime_effetto_singoli_componenti_40/Input_stime_effetto_40/atto_49.pdf;C:\Users\Ciro\Documents\Tirocinio\Output\Golden\Golden128\estrai_atti_STIME_var_limiti_B\txt_opendataloader_ocr\atto_49_rapidocr.txt;file:///C:/Users/Ciro/Documents/Tirocinio/Output/Golden/Golden128/estrai_atti_STIME_var_limiti_B/txt_opendataloader_ocr/atto_49_rapidocr.txt;C:\Users\Ciro\Documents\Tirocinio\Output\Golden\Golden128\estrai_atti_STIME_var_limiti_B\testi_completi_llm\0049_atto_49_testo_completo_llm.txt;file:///C:/Users/Ciro/Documents/Tirocinio/Output/Golden/Golden128/estrai_atti_STIME_var_limiti_B/testi_completi_llm/0049_atto_49_testo_completo_llm.txt;1;;0;gemma3:4b;654;180;834;0.0;0.0;0.0;654.0;180.0;834.0;1;2026-06-14 18:40:29
0050;atto_50.pdf;C:\Users\Ciro\Documents\Tirocinio\Output\Golden\Golden128\stime_effetto_singoli_componenti_40\Input_stime_effetto_40\atto_50.pdf;file:///C:/Users/Ciro/Documents/Tirocinio/Output/Golden/Golden128/stime_effetto_singoli_componenti_40/Input_stime_effetto_40/atto_50.pdf;C:\Users\Ciro\Documents\Tirocinio\Output\Golden\Golden128\estrai_atti_STIME_var_limiti_B\txt_opendataloader_ocr\atto_50_rapidocr.txt;file:///C:/Users/Ciro/Documents/Tirocinio/Output/Golden/Golden128/estrai_atti_STIME_var_limiti_B/txt_opendataloader_ocr/atto_50_rapidocr.txt;C:\Users\Ciro\Documents\Tirocinio\Output\Golden\Golden128\estrai_atti_STIME_var_limiti_B\testi_completi_llm\0050_atto_50_testo_completo_llm.txt;file:///C:/Users/Ciro/Documents/Tirocinio/Output/Golden/Golden128/estrai_atti_STIME_var_limiti_B/testi_completi_llm/0050_atto_50_testo_completo_llm.txt;1;;0;gemma3:4b;651;180;831;0.0;0.0;0.0;651.0;180.0;831.0;1;2026-06-14 18:41:13
0056;atto_56.pdf;C:\Users\Ciro\Documents\Tirocinio\Output\Golden\Golden128\stime_effetto_singoli_componenti_40\Input_stime_effetto_40\atto_56.pdf;file:///C:/Users/Ciro/Documents/Tirocinio/Output/Golden/Golden128/stime_effetto_singoli_componenti_40/Input_stime_effetto_40/atto_56.pdf;C:\Users\Ciro\Documents\Tirocinio\Output\Golden\Golden128\estrai_atti_STIME_var_limiti_B\txt_opendataloader\atto_56.txt;file:///C:/Users/Ciro/Documents/Tirocinio/Output/Golden/Golden128/estrai_atti_STIME_var_limiti_B/txt_opendataloader/atto_56.txt;C:\Users\Ciro\Documents\Tirocinio\Output\Golden\Golden128\estrai_atti_STIME_var_limiti_B\testi_completi_llm\0056_atto_56_testo_completo_llm.txt;file:///C:/Users/Ciro/Documents/Tirocinio/Output/Golden/Golden128/estrai_atti_STIME_var_limiti_B/testi_completi_llm/0056_atto_56_testo_completo_llm.txt;0;;0;gemma3:4b;616;180;796;0.0;0.0;0.0;616.0;180.0;796.0;1;2026-06-14 18:41:42
0059;atto_59.pdf;C:\Users\Ciro\Documents\Tirocinio\Output\Golden\Golden128\stime_effetto_singoli_componenti_40\Input_stime_effetto_40\atto_59.pdf;file:///C:/Users/Ciro/Documents/Tirocinio/Output/Golden/Golden128/stime_effetto_singoli_componenti_40/Input_stime_effetto_40/atto_59.pdf;C:\Users\Ciro\Documents\Tirocinio\Output\Golden\Golden128\estrai_atti_STIME_var_limiti_B\txt_opendataloader_ocr\atto_59_rapidocr.txt;file:///C:/Users/Ciro/Documents/Tirocinio/Output/Golden/Golden128/estrai_atti_STIME_var_limiti_B/txt_opendataloader_ocr/atto_59_rapidocr.txt;C:\Users\Ciro\Documents\Tirocinio\Output\Golden\Golden128\estrai_atti_STIME_var_limiti_B\testi_completi_llm\0059_atto_59_testo_completo_llm.txt;file:///C:/Users/Ciro/Documents/Tirocinio/Output/Golden/Golden128/estrai_atti_STIME_var_limiti_B/testi_completi_llm/0059_atto_59_testo_completo_llm.txt;1;;0;gemma3:4b;675;180;855;0.0;0.0;0.0;675.0;180.0;855.0;1;2026-06-14 18:42:30
0062;atto_62.pdf;C:\Users\Ciro\Documents\Tirocinio\Output\Golden\Golden128\stime_effetto_singoli_componenti_40\Input_stime_effetto_40\atto_62.pdf;file:///C:/Users/Ciro/Documents/Tirocinio/Output/Golden/Golden128/stime_effetto_singoli_componenti_40/Input_stime_effetto_40/atto_62.pdf;C:\Users\Ciro\Documents\Tirocinio\Output\Golden\Golden128\estrai_atti_STIME_var_limiti_B\txt_opendataloader_ocr\atto_62_rapidocr.txt;file:///C:/Users/Ciro/Documents/Tirocinio/Output/Golden/Golden128/estrai_atti_STIME_var_limiti_B/txt_opendataloader_ocr/atto_62_rapidocr.txt;C:\Users\Ciro\Documents\Tirocinio\Output\Golden\Golden128\estrai_atti_STIME_var_limiti_B\testi_completi_llm\0062_atto_62_testo_completo_llm.txt;file:///C:/Users/Ciro/Documents/Tirocinio/Output/Golden/Golden128/estrai_atti_STIME_var_limiti_B/testi_completi_llm/0062_atto_62_testo_completo_llm.txt;1;;0;gemma3:4b;629;180;809;0.0;0.0;0.0;629.0;180.0;809.0;1;2026-06-14 18:43:07
0064;atto_64.pdf;C:\Users\Ciro\Documents\Tirocinio\Output\Golden\Golden128\stime_effetto_singoli_componenti_40\Input_stime_effetto_40\atto_64.pdf;file:///C:/Users/Ciro/Documents/Tirocinio/Output/Golden/Golden128/stime_effetto_singoli_componenti_40/Input_stime_effetto_40/atto_64.pdf;C:\Users\Ciro\Documents\Tirocinio\Output\Golden\Golden128\estrai_atti_STIME_var_limiti_B\txt_opendataloader\atto_64.txt;file:///C:/Users/Ciro/Documents/Tirocinio/Output/Golden/Golden128/estrai_atti_STIME_var_limiti_B/txt_opendataloader/atto_64.txt;C:\Users\Ciro\Documents\Tirocinio\Output\Golden\Golden128\estrai_atti_STIME_var_limiti_B\testi_completi_llm\0064_atto_64_testo_completo_llm.txt;file:///C:/Users/Ciro/Documents/Tirocinio/Output/Golden/Golden128/estrai_atti_STIME_var_limiti_B/testi_completi_llm/0064_atto_64_testo_completo_llm.txt;0;;0;gemma3:4b;655;82;737;0.0;0.0;0.0;655.0;82.0;737.0;1;2026-06-14 18:43:21
0066;atto_66.pdf;C:\Users\Ciro\Documents\Tirocinio\Output\Golden\Golden128\stime_effetto_singoli_componenti_40\Input_stime_effetto_40\atto_66.pdf;file:///C:/Users/Ciro/Documents/Tirocinio/Output/Golden/Golden128/stime_effetto_singoli_componenti_40/Input_stime_effetto_40/atto_66.pdf;C:\Users\Ciro\Documents\Tirocinio\Output\Golden\Golden128\estrai_atti_STIME_var_limiti_B\txt_opendataloader\atto_66.txt;file:///C:/Users/Ciro/Documents/Tirocinio/Output/Golden/Golden128/estrai_atti_STIME_var_limiti_B/txt_opendataloader/atto_66.txt;C:\Users\Ciro\Documents\Tirocinio\Output\Golden\Golden128\estrai_atti_STIME_var_limiti_B\testi_completi_llm\0066_atto_66_testo_completo_llm.txt;file:///C:/Users/Ciro/Documents/Tirocinio/Output/Golden/Golden128/estrai_atti_STIME_var_limiti_B/testi_completi_llm/0066_atto_66_testo_completo_llm.txt;0;;0;gemma3:4b;579;180;759;0.0;0.0;0.0;579.0;180.0;759.0;1;2026-06-14 18:43:44
0068;atto_68.pdf;C:\Users\Ciro\Documents\Tirocinio\Output\Golden\Golden128\stime_effetto_singoli_componenti_40\Input_stime_effetto_40\atto_68.pdf;file:///C:/Users/Ciro/Documents/Tirocinio/Output/Golden/Golden128/stime_effetto_singoli_componenti_40/Input_stime_effetto_40/atto_68.pdf;C:\Users\Ciro\Documents\Tirocinio\Output\Golden\Golden128\estrai_atti_STIME_var_limiti_B\txt_opendataloader\atto_68.txt;file:///C:/Users/Ciro/Documents/Tirocinio/Output/Golden/Golden128/estrai_atti_STIME_var_limiti_B/txt_opendataloader/atto_68.txt;C:\Users\Ciro\Documents\Tirocinio\Output\Golden\Golden128\estrai_atti_STIME_var_limiti_B\testi_completi_llm\0068_atto_68_testo_completo_llm.txt;file:///C:/Users/Ciro/Documents/Tirocinio/Output/Golden/Golden128/estrai_atti_STIME_var_limiti_B/testi_completi_llm/0068_atto_68_testo_completo_llm.txt;0;;0;gemma3:4b;601;180;781;0.0;0.0;0.0;601.0;180.0;781.0;1;2026-06-14 18:44:06
0077;atto_77.pdf;C:\Users\Ciro\Documents\Tirocinio\Output\Golden\Golden128\stime_effetto_singoli_componenti_40\Input_stime_effetto_40\atto_77.pdf;file:///C:/Users/Ciro/Documents/Tirocinio/Output/Golden/Golden128/stime_effetto_singoli_componenti_40/Input_stime_effetto_40/atto_77.pdf;C:\Users\Ciro\Documents\Tirocinio\Output\Golden\Golden128\estrai_atti_STIME_var_limiti_B\txt_opendataloader\atto_77.txt;file:///C:/Users/Ciro/Documents/Tirocinio/Output/Golden/Golden128/estrai_atti_STIME_var_limiti_B/txt_opendataloader/atto_77.txt;C:\Users\Ciro\Documents\Tirocinio\Output\Golden\Golden128\estrai_atti_STIME_var_limiti_B\testi_completi_llm\0077_atto_77_testo_completo_llm.txt;file:///C:/Users/Ciro/Documents/Tirocinio/Output/Golden/Golden128/estrai_atti_STIME_var_limiti_B/testi_completi_llm/0077_atto_77_testo_completo_llm.txt;0;;0;gemma3:4b;665;180;845;0.0;0.0;0.0;665.0;180.0;845.0;1;2026-06-14 18:44:30
0078;atto_78.pdf;C:\Users\Ciro\Documents\Tirocinio\Output\Golden\Golden128\stime_effetto_singoli_componenti_40\Input_stime_effetto_40\atto_78.pdf;file:///C:/Users/Ciro/Documents/Tirocinio/Output/Golden/Golden128/stime_effetto_singoli_componenti_40/Input_stime_effetto_40/atto_78.pdf;C:\Users\Ciro\Documents\Tirocinio\Output\Golden\Golden128\estrai_atti_STIME_var_limiti_B\txt_opendataloader\atto_78.txt;file:///C:/Users/Ciro/Documents/Tirocinio/Output/Golden/Golden128/estrai_atti_STIME_var_limiti_B/txt_opendataloader/atto_78.txt;C:\Users\Ciro\Documents\Tirocinio\Output\Golden\Golden128\estrai_atti_STIME_var_limiti_B\testi_completi_llm\0078_atto_78_testo_completo_llm.txt;file:///C:/Users/Ciro/Documents/Tirocinio/Output/Golden/Golden128/estrai_atti_STIME_var_limiti_B/testi_completi_llm/0078_atto_78_testo_completo_llm.txt;0;;0;gemma3:4b;621;122;743;0.0;0.0;0.0;621.0;122.0;743.0;1;2026-06-14 18:44:47
0079;atto_79.pdf;C:\Users\Ciro\Documents\Tirocinio\Output\Golden\Golden128\stime_effetto_singoli_componenti_40\Input_stime_effetto_40\atto_79.pdf;file:///C:/Users/Ciro/Documents/Tirocinio/Output/Golden/Golden128/stime_effetto_singoli_componenti_40/Input_stime_effetto_40/atto_79.pdf;C:\Users\Ciro\Documents\Tirocinio\Output\Golden\Golden128\estrai_atti_STIME_var_limiti_B\txt_opendataloader_ocr\atto_79_rapidocr.txt;file:///C:/Users/Ciro/Documents/Tirocinio/Output/Golden/Golden128/estrai_atti_STIME_var_limiti_B/txt_opendataloader_ocr/atto_79_rapidocr.txt;C:\Users\Ciro\Documents\Tirocinio\Output\Golden\Golden128\estrai_atti_STIME_var_limiti_B\testi_completi_llm\0079_atto_79_testo_completo_llm.txt;file:///C:/Users/Ciro/Documents/Tirocinio/Output/Golden/Golden128/estrai_atti_STIME_var_limiti_B/testi_completi_llm/0079_atto_79_testo_completo_llm.txt;1;;0;gemma3:4b;680;180;860;0.0;0.0;0.0;680.0;180.0;860.0;1;2026-06-14 18:45:32
0082;atto_82.pdf;C:\Users\Ciro\Documents\Tirocinio\Output\Golden\Golden128\stime_effetto_singoli_componenti_40\Input_stime_effetto_40\atto_82.pdf;file:///C:/Users/Ciro/Documents/Tirocinio/Output/Golden/Golden128/stime_effetto_singoli_componenti_40/Input_stime_effetto_40/atto_82.pdf;C:\Users\Ciro\Documents\Tirocinio\Output\Golden\Golden128\estrai_atti_STIME_var_limiti_B\txt_opendataloader\atto_82.txt;file:///C:/Users/Ciro/Documents/Tirocinio/Output/Golden/Golden128/estrai_atti_STIME_var_limiti_B/txt_opendataloader/atto_82.txt;C:\Users\Ciro\Documents\Tirocinio\Output\Golden\Golden128\estrai_atti_STIME_var_limiti_B\testi_completi_llm\0082_atto_82_testo_completo_llm.txt;file:///C:/Users/Ciro/Documents/Tirocinio/Output/Golden/Golden128/estrai_atti_STIME_var_limiti_B/testi_completi_llm/0082_atto_82_testo_completo_llm.txt;0;;0;gemma3:4b;659;180;839;0.0;0.0;0.0;659.0;180.0;839.0;1;2026-06-14 18:45:57
0083;atto_83.pdf;C:\Users\Ciro\Documents\Tirocinio\Output\Golden\Golden128\stime_effetto_singoli_componenti_40\Input_stime_effetto_40\atto_83.pdf;file:///C:/Users/Ciro/Documents/Tirocinio/Output/Golden/Golden128/stime_effetto_singoli_componenti_40/Input_stime_effetto_40/atto_83.pdf;C:\Users\Ciro\Documents\Tirocinio\Output\Golden\Golden128\estrai_atti_STIME_var_limiti_B\txt_opendataloader\atto_83.txt;file:///C:/Users/Ciro/Documents/Tirocinio/Output/Golden/Golden128/estrai_atti_STIME_var_limiti_B/txt_opendataloader/atto_83.txt;C:\Users\Ciro\Documents\Tirocinio\Output\Golden\Golden128\estrai_atti_STIME_var_limiti_B\testi_completi_llm\0083_atto_83_testo_completo_llm.txt;file:///C:/Users/Ciro/Documents/Tirocinio/Output/Golden/Golden128/estrai_atti_STIME_var_limiti_B/testi_completi_llm/0083_atto_83_testo_completo_llm.txt;0;;0;gemma3:4b;610;180;790;0.0;0.0;0.0;610.0;180.0;790.0;1;2026-06-14 18:46:22
0089;atto_89.pdf;C:\Users\Ciro\Documents\Tirocinio\Output\Golden\Golden128\stime_effetto_singoli_componenti_40\Input_stime_effetto_40\atto_89.pdf;file:///C:/Users/Ciro/Documents/Tirocinio/Output/Golden/Golden128/stime_effetto_singoli_componenti_40/Input_stime_effetto_40/atto_89.pdf;C:\Users\Ciro\Documents\Tirocinio\Output\Golden\Golden128\estrai_atti_STIME_var_limiti_B\txt_opendataloader\atto_89_head_7_tail_7_pagine.txt;file:///C:/Users/Ciro/Documents/Tirocinio/Output/Golden/Golden128/estrai_atti_STIME_var_limiti_B/txt_opendataloader/atto_89_head_7_tail_7_pagine.txt;C:\Users\Ciro\Documents\Tirocinio\Output\Golden\Golden128\estrai_atti_STIME_var_limiti_B\testi_completi_llm\0089_atto_89_testo_completo_llm.txt;file:///C:/Users/Ciro/Documents/Tirocinio/Output/Golden/Golden128/estrai_atti_STIME_var_limiti_B/testi_completi_llm/0089_atto_89_testo_completo_llm.txt;0;;0;gemma3:4b;630;142;772;0.0;0.0;0.0;630.0;142.0;772.0;1;2026-06-14 18:46:41
0090;atto_90.pdf;C:\Users\Ciro\Documents\Tirocinio\Output\Golden\Golden128\stime_effetto_singoli_componenti_40\Input_stime_effetto_40\atto_90.pdf;file:///C:/Users/Ciro/Documents/Tirocinio/Output/Golden/Golden128/stime_effetto_singoli_componenti_40/Input_stime_effetto_40/atto_90.pdf;C:\Users\Ciro\Documents\Tirocinio\Output\Golden\Golden128\estrai_atti_STIME_var_limiti_B\txt_opendataloader\atto_90_head_7_tail_7_pagine.txt;file:///C:/Users/Ciro/Documents/Tirocinio/Output/Golden/Golden128/estrai_atti_STIME_var_limiti_B/txt_opendataloader/atto_90_head_7_tail_7_pagine.txt;C:\Users\Ciro\Documents\Tirocinio\Output\Golden\Golden128\estrai_atti_STIME_var_limiti_B\testi_completi_llm\0090_atto_90_testo_completo_llm.txt;file:///C:/Users/Ciro/Documents/Tirocinio/Output/Golden/Golden128/estrai_atti_STIME_var_limiti_B/testi_completi_llm/0090_atto_90_testo_completo_llm.txt;0;;0;gemma3:4b;616;148;764;0.0;0.0;0.0;616.0;148.0;764.0;1;2026-06-14 18:47:01
0093;atto_93.pdf;C:\Users\Ciro\Documents\Tirocinio\Output\Golden\Golden128\stime_effetto_singoli_componenti_40\Input_stime_effetto_40\atto_93.pdf;file:///C:/Users/Ciro/Documents/Tirocinio/Output/Golden/Golden128/stime_effetto_singoli_componenti_40/Input_stime_effetto_40/atto_93.pdf;C:\Users\Ciro\Documents\Tirocinio\Output\Golden\Golden128\estrai_atti_STIME_var_limiti_B\txt_opendataloader\atto_93_head_7_tail_7_pagine.txt;file:///C:/Users/Ciro/Documents/Tirocinio/Output/Golden/Golden128/estrai_atti_STIME_var_limiti_B/txt_opendataloader/atto_93_head_7_tail_7_pagine.txt;C:\Users\Ciro\Documents\Tirocinio\Output\Golden\Golden128\estrai_atti_STIME_var_limiti_B\testi_completi_llm\0093_atto_93_testo_completo_llm.txt;file:///C:/Users/Ciro/Documents/Tirocinio/Output/Golden/Golden128/estrai_atti_STIME_var_limiti_B/testi_completi_llm/0093_atto_93_testo_completo_llm.txt;0;;0;gemma3:4b;565;180;745;0.0;0.0;0.0;565.0;180.0;745.0;1;2026-06-14 18:47:22
0094;atto_94.pdf;C:\Users\Ciro\Documents\Tirocinio\Output\Golden\Golden128\stime_effetto_singoli_componenti_40\Input_stime_effetto_40\atto_94.pdf;file:///C:/Users/Ciro/Documents/Tirocinio/Output/Golden/Golden128/stime_effetto_singoli_componenti_40/Input_stime_effetto_40/atto_94.pdf;C:\Users\Ciro\Documents\Tirocinio\Output\Golden\Golden128\estrai_atti_STIME_var_limiti_B\txt_opendataloader\atto_94_head_7_tail_7_pagine.txt;file:///C:/Users/Ciro/Documents/Tirocinio/Output/Golden/Golden128/estrai_atti_STIME_var_limiti_B/txt_opendataloader/atto_94_head_7_tail_7_pagine.txt;C:\Users\Ciro\Documents\Tirocinio\Output\Golden\Golden128\estrai_atti_STIME_var_limiti_B\testi_completi_llm\0094_atto_94_testo_completo_llm.txt;file:///C:/Users/Ciro/Documents/Tirocinio/Output/Golden/Golden128/estrai_atti_STIME_var_limiti_B/testi_completi_llm/0094_atto_94_testo_completo_llm.txt;0;;0;gemma3:4b;665;149;814;0.0;0.0;0.0;665.0;149.0;814.0;1;2026-06-14 18:47:44
0100;atto_100.pdf;C:\Users\Ciro\Documents\Tirocinio\Output\Golden\Golden128\stime_effetto_singoli_componenti_40\Input_stime_effetto_40\atto_100.pdf;file:///C:/Users/Ciro/Documents/Tirocinio/Output/Golden/Golden128/stime_effetto_singoli_componenti_40/Input_stime_effetto_40/atto_100.pdf;C:\Users\Ciro\Documents\Tirocinio\Output\Golden\Golden128\estrai_atti_STIME_var_limiti_B\txt_opendataloader_ocr\atto_100_head_7_tail_7_pagine_rapidocr.txt;file:///C:/Users/Ciro/Documents/Tirocinio/Output/Golden/Golden128/estrai_atti_STIME_var_limiti_B/txt_opendataloader_ocr/atto_100_head_7_tail_7_pagine_rapidocr.txt;C:\Users\Ciro\Documents\Tirocinio\Output\Golden\Golden128\estrai_atti_STIME_var_limiti_B\testi_completi_llm\0100_atto_100_testo_completo_llm.txt;file:///C:/Users/Ciro/Documents/Tirocinio/Output/Golden/Golden128/estrai_atti_STIME_var_limiti_B/testi_completi_llm/0100_atto_100_testo_completo_llm.txt;1;;0;gemma3:4b;617;180;797;0.0;0.0;0.0;617.0;180.0;797.0;1;2026-06-14 18:49:20
0101;atto_101.pdf;C:\Users\Ciro\Documents\Tirocinio\Output\Golden\Golden128\stime_effetto_singoli_componenti_40\Input_stime_effetto_40\atto_101.pdf;file:///C:/Users/Ciro/Documents/Tirocinio/Output/Golden/Golden128/stime_effetto_singoli_componenti_40/Input_stime_effetto_40/atto_101.pdf;C:\Users\Ciro\Documents\Tirocinio\Output\Golden\Golden128\estrai_atti_STIME_var_limiti_B\txt_opendataloader\atto_101.txt;file:///C:/Users/Ciro/Documents/Tirocinio/Output/Golden/Golden128/estrai_atti_STIME_var_limiti_B/txt_opendataloader/atto_101.txt;C:\Users\Ciro\Documents\Tirocinio\Output\Golden\Golden128\estrai_atti_STIME_var_limiti_B\testi_completi_llm\0101_atto_101_testo_completo_llm.txt;file:///C:/Users/Ciro/Documents/Tirocinio/Output/Golden/Golden128/estrai_atti_STIME_var_limiti_B/testi_completi_llm/0101_atto_101_testo_completo_llm.txt;0;;0;gemma3:4b;593;180;773;0.0;0.0;0.0;593.0;180.0;773.0;1;2026-06-14 18:49:43
0102;atto_102.pdf;C:\Users\Ciro\Documents\Tirocinio\Output\Golden\Golden128\stime_effetto_singoli_componenti_40\Input_stime_effetto_40\atto_102.pdf;file:///C:/Users/Ciro/Documents/Tirocinio/Output/Golden/Golden128/stime_effetto_singoli_componenti_40/Input_stime_effetto_40/atto_102.pdf;C:\Users\Ciro\Documents\Tirocinio\Output\Golden\Golden128\estrai_atti_STIME_var_limiti_B\txt_opendataloader\atto_102.txt;file:///C:/Users/Ciro/Documents/Tirocinio/Output/Golden/Golden128/estrai_atti_STIME_var_limiti_B/txt_opendataloader/atto_102.txt;C:\Users\Ciro\Documents\Tirocinio\Output\Golden\Golden128\estrai_atti_STIME_var_limiti_B\testi_completi_llm\0102_atto_102_testo_completo_llm.txt;file:///C:/Users/Ciro/Documents/Tirocinio/Output/Golden/Golden128/estrai_atti_STIME_var_limiti_B/testi_completi_llm/0102_atto_102_testo_completo_llm.txt;0;;0;gemma3:4b;569;180;749;0.0;0.0;0.0;569.0;180.0;749.0;1;2026-06-14 18:50:05
0107;atto_107.pdf;C:\Users\Ciro\Documents\Tirocinio\Output\Golden\Golden128\stime_effetto_singoli_componenti_40\Input_stime_effetto_40\atto_107.pdf;file:///C:/Users/Ciro/Documents/Tirocinio/Output/Golden/Golden128/stime_effetto_singoli_componenti_40/Input_stime_effetto_40/atto_107.pdf;C:\Users\Ciro\Documents\Tirocinio\Output\Golden\Golden128\estrai_atti_STIME_var_limiti_B\txt_opendataloader\atto_107.txt;file:///C:/Users/Ciro/Documents/Tirocinio/Output/Golden/Golden128/estrai_atti_STIME_var_limiti_B/txt_opendataloader/atto_107.txt;C:\Users\Ciro\Documents\Tirocinio\Output\Golden\Golden128\estrai_atti_STIME_var_limiti_B\testi_completi_llm\0107_atto_107_testo_completo_llm.txt;file:///C:/Users/Ciro/Documents/Tirocinio/Output/Golden/Golden128/estrai_atti_STIME_var_limiti_B/testi_completi_llm/0107_atto_107_testo_completo_llm.txt;0;;0;gemma3:4b;578;180;758;0.0;0.0;0.0;578.0;180.0;758.0;1;2026-06-14 18:50:29
0108;atto_108.pdf;C:\Users\Ciro\Documents\Tirocinio\Output\Golden\Golden128\stime_effetto_singoli_componenti_40\Input_stime_effetto_40\atto_108.pdf;file:///C:/Users/Ciro/Documents/Tirocinio/Output/Golden/Golden128/stime_effetto_singoli_componenti_40/Input_stime_effetto_40/atto_108.pdf;C:\Users\Ciro\Documents\Tirocinio\Output\Golden\Golden128\estrai_atti_STIME_var_limiti_B\txt_opendataloader\atto_108.txt;file:///C:/Users/Ciro/Documents/Tirocinio/Output/Golden/Golden128/estrai_atti_STIME_var_limiti_B/txt_opendataloader/atto_108.txt;C:\Users\Ciro\Documents\Tirocinio\Output\Golden\Golden128\estrai_atti_STIME_var_limiti_B\testi_completi_llm\0108_atto_108_testo_completo_llm.txt;file:///C:/Users/Ciro/Documents/Tirocinio/Output/Golden/Golden128/estrai_atti_STIME_var_limiti_B/testi_completi_llm/0108_atto_108_testo_completo_llm.txt;0;;0;gemma3:4b;660;180;840;0.0;0.0;0.0;660.0;180.0;840.0;1;2026-06-14 18:50:54
0110;atto_110.pdf;C:\Users\Ciro\Documents\Tirocinio\Output\Golden\Golden128\stime_effetto_singoli_componenti_40\Input_stime_effetto_40\atto_110.pdf;file:///C:/Users/Ciro/Documents/Tirocinio/Output/Golden/Golden128/stime_effetto_singoli_componenti_40/Input_stime_effetto_40/atto_110.pdf;C:\Users\Ciro\Documents\Tirocinio\Output\Golden\Golden128\estrai_atti_STIME_var_limiti_B\txt_opendataloader\atto_110.txt;file:///C:/Users/Ciro/Documents/Tirocinio/Output/Golden/Golden128/estrai_atti_STIME_var_limiti_B/txt_opendataloader/atto_110.txt;C:\Users\Ciro\Documents\Tirocinio\Output\Golden\Golden128\estrai_atti_STIME_var_limiti_B\testi_completi_llm\0110_atto_110_testo_completo_llm.txt;file:///C:/Users/Ciro/Documents/Tirocinio/Output/Golden/Golden128/estrai_atti_STIME_var_limiti_B/testi_completi_llm/0110_atto_110_testo_completo_llm.txt;0;;0;gemma3:4b;623;180;803;0.0;0.0;0.0;623.0;180.0;803.0;1;2026-06-14 18:51:17
0118;atto_118.pdf;C:\Users\Ciro\Documents\Tirocinio\Output\Golden\Golden128\stime_effetto_singoli_componenti_40\Input_stime_effetto_40\atto_118.pdf;file:///C:/Users/Ciro/Documents/Tirocinio/Output/Golden/Golden128/stime_effetto_singoli_componenti_40/Input_stime_effetto_40/atto_118.pdf;C:\Users\Ciro\Documents\Tirocinio\Output\Golden\Golden128\estrai_atti_STIME_var_limiti_B\txt_opendataloader_ocr\atto_118_head_7_tail_7_pagine_rapidocr.txt;file:///C:/Users/Ciro/Documents/Tirocinio/Output/Golden/Golden128/estrai_atti_STIME_var_limiti_B/txt_opendataloader_ocr/atto_118_head_7_tail_7_pagine_rapidocr.txt;C:\Users\Ciro\Documents\Tirocinio\Output\Golden\Golden128\estrai_atti_STIME_var_limiti_B\testi_completi_llm\0118_atto_118_testo_completo_llm.txt;file:///C:/Users/Ciro/Documents/Tirocinio/Output/Golden/Golden128/estrai_atti_STIME_var_limiti_B/testi_completi_llm/0118_atto_118_testo_completo_llm.txt;1;;0;gemma3:4b;737;180;917;0.0;0.0;0.0;737.0;180.0;917.0;1;2026-06-14 18:52:59
0121;atto_121.pdf;C:\Users\Ciro\Documents\Tirocinio\Output\Golden\Golden128\stime_effetto_singoli_componenti_40\Input_stime_effetto_40\atto_121.pdf;file:///C:/Users/Ciro/Documents/Tirocinio/Output/Golden/Golden128/stime_effetto_singoli_componenti_40/Input_stime_effetto_40/atto_121.pdf;C:\Users\Ciro\Documents\Tirocinio\Output\Golden\Golden128\estrai_atti_STIME_var_limiti_B\txt_opendataloader_ocr\atto_121_rapidocr.txt;file:///C:/Users/Ciro/Documents/Tirocinio/Output/Golden/Golden128/estrai_atti_STIME_var_limiti_B/txt_opendataloader_ocr/atto_121_rapidocr.txt;C:\Users\Ciro\Documents\Tirocinio\Output\Golden\Golden128\estrai_atti_STIME_var_limiti_B\testi_completi_llm\0121_atto_121_testo_completo_llm.txt;file:///C:/Users/Ciro/Documents/Tirocinio/Output/Golden/Golden128/estrai_atti_STIME_var_limiti_B/testi_completi_llm/0121_atto_121_testo_completo_llm.txt;1;;0;gemma3:4b;683;172;855;0.0;0.0;0.0;683.0;172.0;855.0;1;2026-06-14 18:53:35
0125;atto_125.pdf;C:\Users\Ciro\Documents\Tirocinio\Output\Golden\Golden128\stime_effetto_singoli_componenti_40\Input_stime_effetto_40\atto_125.pdf;file:///C:/Users/Ciro/Documents/Tirocinio/Output/Golden/Golden128/stime_effetto_singoli_componenti_40/Input_stime_effetto_40/atto_125.pdf;C:\Users\Ciro\Documents\Tirocinio\Output\Golden\Golden128\estrai_atti_STIME_var_limiti_B\txt_opendataloader\atto_125.txt;file:///C:/Users/Ciro/Documents/Tirocinio/Output/Golden/Golden128/estrai_atti_STIME_var_limiti_B/txt_opendataloader/atto_125.txt;C:\Users\Ciro\Documents\Tirocinio\Output\Golden\Golden128\estrai_atti_STIME_var_limiti_B\testi_completi_llm\0125_atto_125_testo_completo_llm.txt;file:///C:/Users/Ciro/Documents/Tirocinio/Output/Golden/Golden128/estrai_atti_STIME_var_limiti_B/testi_completi_llm/0125_atto_125_testo_completo_llm.txt;0;;0;gemma3:4b;620;180;800;0.0;0.0;0.0;620.0;180.0;800.0;1;2026-06-14 18:53:58
